GUID,Bio,consent,created_at,Gender,LastUpdated_At,location,location_access,Preferences,username,work_experience
5bd9fee2-7fdd-4418-b2db-361b66dd399f,,TRUE,11:10,male,12:00,cuttack,,,rajesh,0
5bd9fee2-7fdd-4418-b2db-361b66dd395f,,TRUE,12:20,female,12:10,nayagarh,ngrh,,rani,1
5bd9fee2-7fdd-4418-b2db-361b66dd396g,motivator,FALSE,02:00,male,12:30,baripada,,,raina,1
5bd9fee2-7fdd-4418-b2db-361b66dd3978,,TRUE,03:00,male,01:00,daspalla,,,rakshit,2
5bd9fee2-7fdd-4418-b2db-361b66dd3979,express,FALSE,05:00,female,,mumbai,goregaon,,akshita,2
5bd9fee2-7fdd-4418-b2db-361b66dd3980,express,FALSE,06:00,female,,mumbai,goregaon,,akshita,3
5bd9fee2-7fdd-4418-b2db-361b66dd3981,express,FALSE,07:00,female,,mumbai,goregaon,,akshita,4
5bd9fee2-7fdd-4418-b2db-361b66dd3982,express,FALSE,08:00,female,,mumbai,goregaon,,akshita,5
5bd9fee2-7fdd-4418-b2db-361b66dd3983,express,FALSE,09:00,female,,mumbai,goregaon,,akshita,6
5bd9fee2-7fdd-4418-b2db-361b66dd3984,express,FALSE,10:00,female,,mumbai,goregaon,,akshita,7
5bd9fee2-7fdd-4418-b2db-361b66dd3985,express,FALSE,11:00,female,,mumbai,goregaon,,akshita,8
5bd9fee2-7fdd-4418-b2db-361b66dd3986,express,FALSE,12:00,female,,mumbai,goregaon,,akshita,9
5bd9fee2-7fdd-4418-b2db-361b66dd3987,express,FALSE,13:00,female,,mumbai,goregaon,,akshita,10
5bd9fee2-7fdd-4418-b2db-361b66dd3988,express,FALSE,14:00,female,,mumbai,goregaon,,akshita,11
5bd9fee2-7fdd-4418-b2db-361b66dd3989,express,FALSE,15:00,female,,mumbai,goregaon,,akshita,12
5bd9fee2-7fdd-4418-b2db-361b66dd3990,express,FALSE,16:00,female,,mumbai,goregaon,,akshita,13
5bd9fee2-7fdd-4418-b2db-361b66dd3991,express,FALSE,17:00,female,,mumbai,goregaon,,akshita,14
5bd9fee2-7fdd-4418-b2db-361b66dd3992,express,FALSE,18:00,female,,mumbai,goregaon,,akshita,15
5bd9fee2-7fdd-4418-b2db-361b66dd3993,express,FALSE,19:00,female,,mumbai,goregaon,,akshita,16
5bd9fee2-7fdd-4418-b2db-361b66dd3994,express,FALSE,20:00,female,,mumbai,goregaon,,akshita,17
5bd9fee2-7fdd-4418-b2db-361b66dd3995,express,FALSE,21:00,female,,mumbai,goregaon,,akshita,18
5bd9fee2-7fdd-4418-b2db-361b66dd3996,express,FALSE,22:00,female,,mumbai,goregaon,,akshita,19
5bd9fee2-7fdd-4418-b2db-361b66dd3997,express,FALSE,23:00,female,,mumbai,goregaon,,akshita,20
5bd9fee2-7fdd-4418-b2db-361b66dd3998,express,FALSE,00:00,female,,mumbai,goregaon,,akshita,21
5bd9fee2-7fdd-4418-b2db-361b66dd3999,express,FALSE,01:00,female,,mumbai,goregaon,,akshita,22
5bd9fee2-7fdd-4418-b2db-361b66dd4000,express,FALSE,02:00,female,,mumbai,goregaon,,akshita,23
5bd9fee2-7fdd-4418-b2db-361b66dd4001,express,FALSE,03:00,female,,mumbai,goregaon,,akshita,24
5bd9fee2-7fdd-4418-b2db-361b66dd4002,express,FALSE,04:00,female,,mumbai,goregaon,,akshita,25
5bd9fee2-7fdd-4418-b2db-361b66dd4003,express,FALSE,05:00,female,,mumbai,goregaon,,akshita,26
5bd9fee2-7fdd-4418-b2db-361b66dd4004,express,FALSE,06:00,female,,mumbai,goregaon,,akshita,27
5bd9fee2-7fdd-4418-b2db-361b66dd4005,express,FALSE,07:00,female,,mumbai,goregaon,,akshita,28
5bd9fee2-7fdd-4418-b2db-361b66dd4006,express,FALSE,08:00,female,,mumbai,goregaon,,akshita,29
5bd9fee2-7fdd-4418-b2db-361b66dd4007,express,FALSE,09:00,female,,mumbai,goregaon,,akshita,30
5bd9fee2-7fdd-4418-b2db-361b66dd4008,express,FALSE,10:00,female,,mumbai,goregaon,,akshita,31
5bd9fee2-7fdd-4418-b2db-361b66dd4009,express,FALSE,11:00,female,,mumbai,goregaon,,akshita,32
5bd9fee2-7fdd-4418-b2db-361b66dd4010,express,FALSE,12:00,female,,mumbai,goregaon,,akshita,33
5bd9fee2-7fdd-4418-b2db-361b66dd4011,express,FALSE,13:00,female,,mumbai,goregaon,,akshita,34
5bd9fee2-7fdd-4418-b2db-361b66dd4012,express,FALSE,14:00,female,,mumbai,goregaon,,akshita,35
5bd9fee2-7fdd-4418-b2db-361b66dd4013,express,FALSE,15:00,female,,mumbai,goregaon,,akshita,36
5bd9fee2-7fdd-4418-b2db-361b66dd4014,express,FALSE,16:00,female,,mumbai,goregaon,,akshita,37
5bd9fee2-7fdd-4418-b2db-361b66dd4015,express,FALSE,17:00,female,,mumbai,goregaon,,akshita,38
5bd9fee2-7fdd-4418-b2db-361b66dd4016,express,FALSE,18:00,female,,mumbai,goregaon,,akshita,39
5bd9fee2-7fdd-4418-b2db-361b66dd4017,express,FALSE,19:00,female,,mumbai,goregaon,,akshita,40
5bd9fee2-7fdd-4418-b2db-361b66dd4018,express,FALSE,20:00,female,,mumbai,goregaon,,akshita,41
5bd9fee2-7fdd-4418-b2db-361b66dd4019,express,FALSE,21:00,female,,mumbai,goregaon,,akshita,42
5bd9fee2-7fdd-4418-b2db-361b66dd4020,express,FALSE,22:00,female,,mumbai,goregaon,,akshita,43
5bd9fee2-7fdd-4418-b2db-361b66dd4021,express,FALSE,23:00,female,,mumbai,goregaon,,akshita,44
5bd9fee2-7fdd-4418-b2db-361b66dd4022,express,FALSE,00:00,female,,mumbai,goregaon,,akshita,45
5bd9fee2-7fdd-4418-b2db-361b66dd4023,express,FALSE,01:00,female,,mumbai,goregaon,,akshita,46
5bd9fee2-7fdd-4418-b2db-361b66dd4024,express,FALSE,02:00,female,,mumbai,goregaon,,akshita,47
5bd9fee2-7fdd-4418-b2db-361b66dd4025,express,FALSE,03:00,female,,mumbai,goregaon,,akshita,48
5bd9fee2-7fdd-4418-b2db-361b66dd4026,express,FALSE,04:00,female,,mumbai,goregaon,,akshita,49
5bd9fee2-7fdd-4418-b2db-361b66dd4027,express,FALSE,05:00,female,,mumbai,goregaon,,akshita,50
5bd9fee2-7fdd-4418-b2db-361b66dd4028,express,FALSE,06:00,female,,mumbai,goregaon,,akshita,51
5bd9fee2-7fdd-4418-b2db-361b66dd4029,express,FALSE,07:00,female,,mumbai,goregaon,,akshita,52
5bd9fee2-7fdd-4418-b2db-361b66dd4030,express,FALSE,08:00,female,,mumbai,goregaon,,akshita,53
5bd9fee2-7fdd-4418-b2db-361b66dd4031,express,FALSE,09:00,female,,mumbai,goregaon,,akshita,54
5bd9fee2-7fdd-4418-b2db-361b66dd4032,express,FALSE,10:00,female,,mumbai,goregaon,,akshita,55
5bd9fee2-7fdd-4418-b2db-361b66dd4033,express,FALSE,11:00,female,,mumbai,goregaon,,akshita,56
5bd9fee2-7fdd-4418-b2db-361b66dd4034,express,FALSE,12:00,female,,mumbai,goregaon,,akshita,57
5bd9fee2-7fdd-4418-b2db-361b66dd4035,express,FALSE,13:00,female,,mumbai,goregaon,,akshita,58
5bd9fee2-7fdd-4418-b2db-361b66dd4036,express,FALSE,14:00,female,,mumbai,goregaon,,akshita,59
5bd9fee2-7fdd-4418-b2db-361b66dd4037,express,FALSE,15:00,female,,mumbai,goregaon,,akshita,60
5bd9fee2-7fdd-4418-b2db-361b66dd4038,express,FALSE,16:00,female,,mumbai,goregaon,,akshita,61
5bd9fee2-7fdd-4418-b2db-361b66dd4039,express,FALSE,17:00,female,,mumbai,goregaon,,akshita,62
5bd9fee2-7fdd-4418-b2db-361b66dd4040,express,FALSE,18:00,female,,mumbai,goregaon,,akshita,63
5bd9fee2-7fdd-4418-b2db-361b66dd4041,express,FALSE,19:00,female,,mumbai,goregaon,,akshita,64
5bd9fee2-7fdd-4418-b2db-361b66dd4042,express,FALSE,20:00,female,,mumbai,goregaon,,akshita,65
5bd9fee2-7fdd-4418-b2db-361b66dd4043,express,FALSE,21:00,female,,mumbai,goregaon,,akshita,66
5bd9fee2-7fdd-4418-b2db-361b66dd4044,express,FALSE,22:00,female,,mumbai,goregaon,,akshita,67
5bd9fee2-7fdd-4418-b2db-361b66dd4045,express,FALSE,23:00,female,,mumbai,goregaon,,akshita,68
5bd9fee2-7fdd-4418-b2db-361b66dd4046,express,FALSE,00:00,female,,mumbai,goregaon,,akshita,69
5bd9fee2-7fdd-4418-b2db-361b66dd4047,express,FALSE,01:00,female,,mumbai,goregaon,,akshita,70
5bd9fee2-7fdd-4418-b2db-361b66dd4048,express,FALSE,02:00,female,,mumbai,goregaon,,akshita,71
5bd9fee2-7fdd-4418-b2db-361b66dd4049,express,FALSE,03:00,female,,mumbai,goregaon,,akshita,72
5bd9fee2-7fdd-4418-b2db-361b66dd4050,express,FALSE,04:00,female,,mumbai,goregaon,,akshita,73
